Computing Time,Material,Thickness,EM_Model
565082.5136508942,alu,6000um,EM_Opt1
556438.756516695,alu,6000um,EM_Opt3
561364.6275691986,alu,6000um,EM_Opt4
