Computing Time,Material,Thickness,EM_Model
32947.76740407944,alu,6000um,EM_Opt1
35312.93194746971,alu,6000um,EM_Opt3
35670.033489227295,alu,6000um,EM_Opt4
