Computing Time,Material,Thickness,EM_Model
19399.734255313873,alu,6000um,EM_Opt0
19605.68438100815,alu,6000um,EM_Opt3
19855.294391155243,alu,6000um,EM_Opt4
