Material Budget Peek, Material Budget error, mean-squared deviation angle from reference beam, xerror
0.0031289111389236545,0.00031328296204100395,11.78538327474035,0.0008946243736964169
0.018773466833541926,0.0003267016905963023,83.4540870906337,0.00217980135613301
0.034418022528160196,0.00035719747002291964,173.72083528459956,0.004427744711158477
0.05006257822277847,0.0004008919158103126,278.69377961091004,0.007369140901829724
0.06570713391739674,0.00045398995732543075,392.67759132405837,0.010477026808300798
0.08135168961201501,0.0005135831891345606,514.9077042975179,0.016313824321580465
0.09699624530663328,0.0005776649206849078,643.116033947526,0.020540452758954404
0.11264080100125155,0.0006448985087881436,784.10498793024,0.026287489500907132
